<?xml version="1.0" encoding="UTF-8"?>
<project-private xmlns="http://www.netbeans.org/ns/project-private/1">
    <editor-bookmarks xmlns="http://www.netbeans.org/ns/editor-bookmarks/2" lastBookmarkId="0"/>
    <open-files xmlns="http://www.netbeans.org/ns/projectui-open-files/2">
        <group>
            <file>file:/home/fabricio/NetBeansProjects/Calculadora/src/Interfaz/CalcuBasicaInterfaz.java</file>
            <file>file:/home/fabricio/NetBeansProjects/Calculadora/src/Calculos/CalculadorEnteros.java</file>
            <file>file:/home/fabricio/NetBeansProjects/Calculadora/src/Manejadores/ManejadorCalcuBasica.java</file>
            <file>file:/home/fabricio/NetBeansProjects/Calculadora/src/Calculos/CalculadorDecimales.java</file>
        </group>
    </open-files>
</project-private>
